Usia;Jenis Kelamin;Pendidikan;1. Apakah Anda bermain game online?;2. Seberapa sering Anda bermain game online dalam sebulan terakhir?;3. Berapa lama waktu yang Anda habiskan setiap hari untuk bermain game online? ;4. Apa jenis game online yang paling sering Anda mainkan? (Contoh: MOBA, FPS, RPG, dll.);5. Apakah Anda merasa bermain game online mengganggu waktu belajar atau aktivitas Anda?;6. Bagaimana Anda menilai tingkat rasa stres Anda sebulan terakhir? ;7.  Seberapa sering Anda merasa cemas, depresi, tertekan, atau memiliki masalah kesehatan mental lainnya dalam sebulan terakhir?;8. Apa yang menjadi penyebab utama stres Anda sebulan terakhir?;9. Apakah bermain game online menjadi pilihan pertama Anda ketika Anda merasa stres? atau apakah Anda memiliki metode lain yang Anda coba terlebih dahulu?;10. Jika YA, berikan alasan mu. Jika TIDAK, aktivitas apa yang menjadi pilihan pertamamu ketika merasa stres?;11. Apakah Anda merasa bahwa bermain game online telah membantu Anda mengalihkan perhatian dari sumber stres yang sedang Anda alami?;12. Apakah Anda pernah mengalami situasi di mana bermain game untuk menghilangkan stres malah menambah stres atau masalah lain dalam hidup Anda?;13. Bagaimana pendapat Anda tentang sejauh mana bermain game sebagai cara untuk menghilangkan stres merupakan alternatif yang sehat dan efektif? 
21;Laki-laki;Mahasiswa;Ya;Beberapa kali seminggu;1-2 jam;MOBA (Mobile Legends, DOTA, League of Legends);Tidak;Tinggi;Normal;matkul semester 5;Tidak;sebenernya cukup relatif karena saya bermain tidak bermain sendiri melainkan bersama teman‚Äù saya, jadi kalau mereka tidak lagi main yauda saya melakukan aktivitas yang lain mungkin seperti se simple jalan jalan keluar baik sendiri maupun bersama teman, kalau memang tidak ingin keluar juga masih ada opsi lain yaitu nonton film di laptop. ;Membantu;Jarang;Setuju
21;Laki-laki;Mahasiswa;Tidak;Tidak pernah;Kurang dari 30 menit;FPS (Valorant, CSGO, Point Blank);Ya;Normal;Normal;Realisasi ekspektasi;Tidak;Melihat funny videos;Netral;Sangat sering;Tidak Setuju
20;Perempuan;Mahasiswa;Ya;Beberapa kali seminggu;30 menit - 1 jam;Sport (8 Ball Pool, FIFA, eFootball);Netral;Sangat Tinggi;Sering;mata kuliah semester 5;Tidak;scroll media sosial dan mendengarkan lagu;Netral;Normal;Netral
20;Laki-laki;Mahasiswa;Ya;Beberapa kali seminggu;Kurang dari 30 menit;RPG (Genshin Impact, Call of Duty, Toram);Ya;Tinggi;Sering;Tugas kuliah;Tidak;Tidur;Netral;Normal;Netral
21;Perempuan;Mahasiswa;Tidak;Tidak pernah;Kurang dari 30 menit;Arcade (Subway Surf, Temple Run, Pou);Netral;Tinggi;Sering;tugas kuliah;Tidak;-;Netral;Normal;Netral
19;Perempuan;Mahasiswa;Ya;Jarang;30 menit - 1 jam;Arcade (Subway Surf, Temple Run, Pou);Netral;Tinggi;Sangat sering;Tugas,proker;Tidak;Nonton atau chat;Membantu;Sering;Netral
20;Perempuan;Mahasiswa;Ya;Setiap hari;30 menit - 1 jam;Arcade (Subway Surf, Temple Run, Pou);Ya;Tinggi;Normal;Tugas Kuliaaaaaaaaah;Tidak;Scroll X :D;Sangat membantu;Normal;Setuju
19;Laki-laki;Mahasiswa;Tidak;Jarang;30 menit - 1 jam;MOBA (Mobile Legends, DOTA, League of Legends);Netral;Tinggi;Sering;Kuliah dan aktivitas di luar kelas;Tidak;Social media atau tidur;Membantu;Sering;Setuju
17;Laki-laki;Umum / Sudah bekerja;Ya;Setiap hari;Lebih dari 2 jam;MOBA (Mobile Legends, DOTA, League of Legends);Tidak;Normal;Tidak pernah;Nggk punya duit;Ya;Kepo;Sangat membantu;Tidak pernah;Netral
18;Perempuan;Mahasiswa;Ya;Beberapa kali seminggu;30 menit - 1 jam;Sport (8 Ball Pool, FIFA, eFootball);Tidak;Sangat Tinggi;Sering;tugas kuliah;Ya;karena bermain games itu seru;Membantu;Normal;Setuju
20;Perempuan;Mahasiswa;Tidak;Tidak pernah;Kurang dari 30 menit;Arcade (Subway Surf, Temple Run, Pou);Ya;Tinggi;Sering;TUGASüò≠üò≠üò≠ APALAGI YG KELOMPOKüò≠üò≠üò≠;Tidak;Scrolling twitter, baca webtoon wattpad;Tidak membantu;Sering;Netral
20;Laki-laki;Mahasiswa;Tidak;Tidak pernah;Kurang dari 30 menit;MOBA (Mobile Legends, DOTA, League of Legends);Netral;Sangat Tinggi;Sangat sering;Banyaknya tugas yang berat;Tidak;Berkendara mengelilingi kota surabaya (Riding) ;Membantu;Normal;Netral
20;Laki-laki;Mahasiswa;Ya;Jarang;30 menit - 1 jam;Sport (8 Ball Pool, FIFA, eFootball);Tidak;Sangat Tinggi;Sangat sering;Hubungan, Organisasi, Kuliah;Tidak;Menangis;Kurang membantu;Jarang;Tidak Setuju
20;Laki-laki;Mahasiswa;Ya;Jarang;Kurang dari 30 menit;Sport (8 Ball Pool, FIFA, eFootball);Netral;Tinggi;Sering;Tugas kuliah;Tidak;Streaming YouTube / Film;Netral;Sering;Netral
19;Laki-laki;Mahasiswa;Ya;Jarang;1-2 jam;RPG (Genshin Impact, Call of Duty, Toram);Tidak;Sangat Tinggi;Sangat sering;Kuliah;Tidak;Mendengarkan Musik, Menonton Konten Idola;Membantu;Jarang;Netral
20;Laki-laki;Mahasiswa;Ya;Jarang;Kurang dari 30 menit;MOBA (Mobile Legends, DOTA, League of Legends);Tidak;Tinggi;Normal;Tugas;Tidak;Dengerin musik;Tidak membantu;Jarang;Netral
20;Laki-laki;Mahasiswa;Ya;Beberapa kali seminggu;30 menit - 1 jam;Arcade (Subway Surf, Temple Run, Pou);Tidak;Tinggi;Normal;kelimpahan tugas dan masalah-masalah sosial;Tidak;tidur;Netral;Sering;Netral
20;Laki-laki;Mahasiswa;Tidak;Jarang;Kurang dari 30 menit;Arcade (Subway Surf, Temple Run, Pou);Tidak;Normal;Normal;Tugas ;Tidak;Tugas;Tidak membantu;Jarang;Netral
20;Laki-laki;Mahasiswa;Tidak;Tidak pernah;Kurang dari 30 menit;MOBA (Mobile Legends, DOTA, League of Legends);Netral;Sangat Tinggi;Normal;Date line;Tidak;Ga suka main game, main motor;Tidak membantu;Sering;Tidak Setuju
18;Laki-laki;Umum / Sudah bekerja;Ya;Jarang;1-2 jam;MOBA (Mobile Legends, DOTA, League of Legends);Netral;Normal;Normal;ganduwe duwek;Ya;Tidur;Netral;Normal;Netral
20;Perempuan;Mahasiswa;Ya;Setiap hari;Kurang dari 30 menit;Arcade (Subway Surf, Temple Run, Pou);Netral;Tinggi;Jarang;Tugas yang banyak;Tidak;Tidur;Netral;Tidak pernah;Netral
21;Perempuan;Mahasiswa;Tidak;Beberapa kali seminggu;30 menit - 1 jam;Sport (8 Ball Pool, FIFA, eFootball);Ya;Sangat Tinggi;Sangat sering;tugasss lah, ape lagi;Tidak;nonton film sih, kalo ga gt scroll tiktok, kalo ga gitu nangis dulu biar lega;Tidak membantu;Sangat sering;Tidak Setuju
19;Perempuan;Mahasiswa;Ya;Setiap hari;Lebih dari 2 jam;RPG (Genshin Impact, Call of Duty, Toram);Ya;Sangat Tinggi;Sangat sering;Metpen;Ya;Mengejar reward time-limited events dan story in game yang mengalihkan dari real-life issues;Sangat membantu;Jarang;Sangat setuju
20;Laki-laki;Mahasiswa;Ya;Setiap hari;Lebih dari 2 jam;Arcade (Subway Surf, Temple Run, Pou);Ya;Sangat Tinggi;Sangat sering;main game Pou ngumpulin eek ga diambil ambil stress pengen ambil;Tidak;mengaji;Sangat membantu;Sangat sering;Sangat setuju
19;Laki-laki;Mahasiswa;Ya;Beberapa kali seminggu;1-2 jam;MOBA (Mobile Legends, DOTA, League of Legends);Netral;Tinggi;Normal;kuliah;Tidak;tidur;Membantu;Jarang;Setuju
21;Laki-laki;Mahasiswa;Ya;Beberapa kali seminggu;1-2 jam;MOBA (Mobile Legends, DOTA, League of Legends);Ya;Sangat Rendah;Tidak pernah;Tidak ada;Tidak;Semakin mendekat kepada Allah;Kurang membantu;Jarang;Netral
20;Laki-laki;Mahasiswa;Ya;Sekali seminggu;1-2 jam;FPS (Valorant, CSGO, Point Blank);Tidak;Normal;Sering;Banyak;Tidak;Tidur atau menonton youtube;Membantu;Sering;Setuju
19;Perempuan;Mahasiswa;Ya;Setiap hari;30 menit - 1 jam;Arcade (Subway Surf, Temple Run, Pou);Netral;Tinggi;Normal;Tugas yang semakin menumpuk;Tidak;Tidur;Membantu;Normal;Netral
21;Laki-laki;Mahasiswa;Ya;Jarang;Kurang dari 30 menit;MOBA (Mobile Legends, DOTA, League of Legends);Netral;Tinggi;Normal;Tugas;Tidak;Streaming;Membantu;Sering;Setuju
21;Perempuan;Mahasiswa;Ya;Jarang;30 menit - 1 jam;MOBA (Mobile Legends, DOTA, League of Legends);Netral;Tinggi;Sangat sering;tugas yang menumpuk, kepanitiaan yang tabrakan, tidak ada me time;Tidak;tidur :);Netral;Sering;Netral
20;Laki-laki;Mahasiswa;Ya;Beberapa kali seminggu;Lebih dari 2 jam;Arcade (Subway Surf, Temple Run, Pou);Ya;Normal;Normal;Banyak nya tugas kuliah dan kegiatan kampun dan luar kampus;Ya;Karena saya bermain bersama teman;Membantu;Normal;Setuju
20;Perempuan;Mahasiswa;Ya;Jarang;Kurang dari 30 menit;Arcade (Subway Surf, Temple Run, Pou);Tidak;Sangat Tinggi;Sering;tugas + sulit bagi waktu, ingpo joki ngoding:D;Tidak;tidak. Hal yg pertama akan kulakukan kalo stres adalah sambat di seken hehe, becanda. Game mungkin jadi salah satu pilihan buat ngurangi stres, tp bukan pertama, yang pertama itu hilink. Hiling ga bikin stres, kalo game kadang ttp bikin stres, colek sopi cocoki.;Membantu;Sering;Setuju
20;Perempuan;Mahasiswa;Ya;Jarang;Kurang dari 30 menit;RPG (Genshin Impact, Call of Duty, Toram);Netral;Tinggi;Normal;sulitnya mengatur jadwal;Tidak;nonton film;Membantu;Normal;Setuju
20;Laki-laki;Mahasiswa;Tidak;Jarang;Kurang dari 30 menit;Arcade (Subway Surf, Temple Run, Pou);Tidak;Sangat Tinggi;Sangat sering;kehidupan pribadi;Tidak;refreshing ;Netral;Normal;Netral
20;Laki-laki;Mahasiswa;Ya;Beberapa kali seminggu;30 menit - 1 jam;MOBA (Mobile Legends, DOTA, League of Legends);Tidak;Tinggi;Sering;Tugas, Kehidupan;Tidak;Tidur;Kurang membantu;Normal;Tidak Setuju
20;Perempuan;Mahasiswa;Ya;Jarang;Kurang dari 30 menit;Arcade (Subway Surf, Temple Run, Pou);Netral;Sangat Tinggi;Sangat sering;Tugas kuliah;Tidak;scroll tiktok zhay;Membantu;Jarang;Sangat setuju
20;Perempuan;Mahasiswa;Tidak;Beberapa kali seminggu;30 menit - 1 jam;Arcade (Subway Surf, Temple Run, Pou);Tidak;Tinggi;Normal;banyak tugas;Tidak;baca wattpat;Sangat membantu;Jarang;Setuju
20;Laki-laki;Mahasiswa;Ya;Beberapa kali seminggu;30 menit - 1 jam;FPS (Valorant, CSGO, Point Blank);Netral;Tinggi;Normal;Mata kuliah;Ya;untuk menghilangkan jenuh;Membantu;Sering;Netral
24;Laki-laki;Umum / Sudah bekerja;Ya;Beberapa kali seminggu;30 menit - 1 jam;MOBA (Mobile Legends, DOTA, League of Legends);Tidak;Normal;Normal;Keuangan;Tidak;main catur;Kurang membantu;Normal;Tidak Setuju
21;Perempuan;Mahasiswa;Ya;Jarang;Kurang dari 30 menit;Arcade (Subway Surf, Temple Run, Pou);Netral;Sangat Tinggi;Sering;faktor eksternal ;Tidak;Memasak;Tidak membantu;Jarang;Netral
20;Perempuan;Mahasiswa;Ya;Beberapa kali seminggu;30 menit - 1 jam;MOBA (Mobile Legends, DOTA, League of Legends);Netral;Tinggi;Normal;Tugas kuliah, tanggung jawab program kerja(proker), panitia kegiatan;Tidak;-;Sangat membantu;Sering;Setuju
20;Perempuan;Mahasiswa;Ya;Beberapa kali seminggu;Kurang dari 30 menit;MOBA (Mobile Legends, DOTA, League of Legends);Netral;Sangat Tinggi;Sering;perkuliahan;Tidak;menonton film;Netral;Normal;Netral
16;Laki-laki;Pelajar;Ya;Setiap hari;1-2 jam;MOBA (Mobile Legends, DOTA, League of Legends);Ya;Tinggi;Sering;Game;Tidak;Olahraga;Kurang membantu;Sangat sering;Tidak Setuju
21;Perempuan;Mahasiswa;Ya;Jarang;1-2 jam;Arcade (Subway Surf, Temple Run, Pou);Netral;Tinggi;Sering;situasi baik dari perkuliahan maupun lingkungan sekitar;Tidak;makan;Netral;Normal;Setuju
20;Laki-laki;Mahasiswa;Ya;Setiap hari;1-2 jam;MOBA (Mobile Legends, DOTA, League of Legends);Netral;Normal;Normal;kehidupan;Tidak;diem merenung;Membantu;Normal;Setuju
25;Laki-laki;Umum / Sudah bekerja;Ya;Setiap hari;1-2 jam;MOBA (Mobile Legends, DOTA, League of Legends);Netral;Normal;Normal;Kangen ibu;Ya;Karena bermain game menyenangkan ;Sangat membantu;Jarang;Setuju
23;Laki-laki;Umum / Sudah bekerja;Ya;Setiap hari;1-2 jam;MOBA (Mobile Legends, DOTA, League of Legends);Tidak;Rendah;Normal;Tidak ada;Tidak;Dengar music;Membantu;Sering;Netral
20;Perempuan;Mahasiswa;Ya;Setiap hari;30 menit - 1 jam;MOBA (Mobile Legends, DOTA, League of Legends);Netral;Tinggi;Normal;tugas;Ya;refreshing;Membantu;Sering;Setuju
19;Laki-laki;Mahasiswa;Ya;Jarang;30 menit - 1 jam;Arcade (Subway Surf, Temple Run, Pou);Tidak;Tinggi;Normal;tugas :);Tidak;scroll media sosial;Membantu;Sering;Tidak Setuju
20;Perempuan;Mahasiswa;Ya;Jarang;30 menit - 1 jam;Arcade (Subway Surf, Temple Run, Pou);Ya;Tinggi;Sering;Kuliah;Tidak;Nonton drama;Membantu;Tidak pernah;Tidak Setuju
20;Perempuan;Mahasiswa;Ya;Jarang;Kurang dari 30 menit;Arcade (Subway Surf, Temple Run, Pou);Netral;Tinggi;Normal;Tugas kuliah;Tidak;Bermain sosial media;Membantu;Sering;Netral
21;Perempuan;Mahasiswa;Ya;Jarang;30 menit - 1 jam;Arcade (Subway Surf, Temple Run, Pou);Netral;Sangat Tinggi;Sangat sering;Tugas dan tekanan;Tidak;Menggambar / nonton anime;Netral;Jarang;Netral
21;Perempuan;Mahasiswa;Ya;Setiap hari;Lebih dari 2 jam;RPG (Genshin Impact, Call of Duty, Toram);Ya;Normal;Sering;insecure dengan teman yg terus maju;Ya;refreshing dan healing di game;Membantu;Sering;Setuju
20;Laki-laki;Mahasiswa;Ya;Beberapa kali seminggu;Lebih dari 2 jam;RPG (Genshin Impact, Call of Duty, Toram);Ya;Sangat Tinggi;Sangat sering;Panitia Festival;Tidak;aktivitas pertama saya adalah ngobrol bersama teman;Membantu;Normal;Setuju
20;Laki-laki;Mahasiswa;Ya;Beberapa kali seminggu;Lebih dari 2 jam;FPS (Valorant, CSGO, Point Blank);Tidak;Rendah;Tidak pernah;Tidak ada;Tidak;Riding;Membantu;Tidak pernah;Sangat setuju
20;Laki-laki;Mahasiswa;Ya;Sekali seminggu;1-2 jam;Sport (8 Ball Pool, FIFA, eFootball);Tidak;Sangat Tinggi;Sangat sering;Kuliah, beban kepanitiaan dan organisasi;Tidak;tidur adalah pilihan pertama;Membantu;Sering;Setuju
19;Perempuan;Mahasiswa;Ya;Jarang;Kurang dari 30 menit;Arcade (Subway Surf, Temple Run, Pou);Ya;Normal;Sering;tugas;Ya;gambar;Netral;Normal;Setuju
16;Perempuan;Pelajar;Ya;Beberapa kali seminggu;30 menit - 1 jam;RPG (Genshin Impact, Call of Duty, Toram);Netral;Tinggi;Sering;Biasanya antara sekolah kalo gak ya faktor keluarga;Tidak;Antara nonton anime, baca wp kalo gk baca komik;Sangat membantu;Sangat sering;Netral
21;Laki-laki;Mahasiswa;Ya;Setiap hari;Lebih dari 2 jam;RPG (Genshin Impact, Call of Duty, Toram);Netral;Normal;Normal;Gak ada Uang;Ya;Bisa santai;Membantu;Sangat sering;Netral
20;Laki-laki;Mahasiswa;Ya;Jarang;1-2 jam;MOBA (Mobile Legends, DOTA, League of Legends);Ya;Rendah;Normal;Tugas Kuliah;Tidak;Tidur dan makan;Kurang membantu;Sangat sering;Tidak Setuju
21;Perempuan;Mahasiswa;Ya;Setiap hari;Lebih dari 2 jam;Call of duty, murder in th alps;Netral;Normal;Normal;Tugas kuliah ;Tidak;Mengikuti aktivitas fisik di UKM;Kurang membantu;Normal;Tidak Setuju
20;Perempuan;Mahasiswa;Ya;Jarang;30 menit - 1 jam;it take two;Netral;Tinggi;Sering;tekanan dari orang lain;Tidak;explore tempat baru atau bertemu seseorang;Netral;Tidak pernah;Netral
21;Laki-laki;Mahasiswa;Ya;Jarang;30 menit - 1 jam;RPG (Genshin Impact, Call of Duty, Toram);Tidak;Sangat Tinggi;Sangat sering;Metpen, PPL;Tidak;-;Membantu;Sering;Setuju
20;Laki-laki;Mahasiswa;Ya;Setiap hari;1-2 jam;RPG (Genshin Impact, Call of Duty, Toram);Tidak;Tinggi;Normal;Banyak hal, tidak tau apa yg utama;Ya;Karena Game yang saya mainkan membuat rileks;Sangat membantu;Normal;Setuju
20;Perempuan;Mahasiswa;Ya;Jarang;30 menit - 1 jam;Sport (8 Ball Pool, FIFA, eFootball);Tidak;Sangat Tinggi;Sangat sering;tugas;Ya;untuk mengalihkan fokus sejenak;Membantu;Normal;Setuju
20;Perempuan;Mahasiswa;Ya;Setiap hari;Kurang dari 30 menit;hay day;Netral;Tinggi;Sangat sering;bersosialisasi;Tidak;membaca;Membantu;Tidak pernah;Netral
19;Laki-laki;Mahasiswa;Ya;Beberapa kali seminggu;30 menit - 1 jam;MOBA (Mobile Legends, DOTA, League of Legends);Netral;Normal;Normal;Deadline yg menumpuk;Ya;Karena aku paham gamenya kalau tugas ga paham;Membantu;Normal;Setuju
19;Perempuan;Mahasiswa;Ya;Jarang;30 menit - 1 jam;Arcade (Subway Surf, Temple Run, Pou);Tidak;Normal;Normal;Karena banyak tugas dan materi kuliah yang semakin sulit;Ya;Ya, karena saat bermain game online bisa merasa senang ;Membantu;Jarang;Setuju
20;Perempuan;Mahasiswa;Ya;Jarang;Kurang dari 30 menit;Arcade (Subway Surf, Temple Run, Pou);Netral;Tinggi;Sering;Perbedaan pendapat keluarga ( Ortu, Kakak, dan kerabat lain);Tidak;Menangis, Keluar motoran, ngemall tp tidak membeli;Netral;Tidak pernah;Tidak Setuju
19;Perempuan;Mahasiswa;Tidak;Tidak pernah;Kurang dari 30 menit;Tidak bermain game;Netral;Tinggi;Sering;Hubungan sosial dalam organisasi, tugas kuliah;Tidak;Tidur, self care (skincare, olahraga), terkadang mencari resep jajanan manis dan membuatnya.;Tidak membantu;Jarang;Netral
20;Perempuan;Mahasiswa;Ya;Jarang;Kurang dari 30 menit;Arcade (Subway Surf, Temple Run, Pou);Tidak;Tinggi;Sering;TUGASSSSS;Tidak;Social Media;Kurang membantu;Normal;Netral
20;Perempuan;Mahasiswa;Ya;Beberapa kali seminggu;30 menit - 1 jam;MOBA (Mobile Legends, DOTA, League of Legends);Netral;Sangat Tinggi;Normal;tugas kuliah;Tidak;saya akan bermain tiktok;Membantu;Tidak pernah;Netral
19;Laki-laki;Mahasiswa;Ya;Setiap hari;1-2 jam;FPS (Valorant, CSGO, Point Blank);Tidak;Tinggi;Sering;Masalah sosial;Tidak;Cangs;Membantu;Sering;Sangat setuju
21;Laki-laki;Mahasiswa;Ya;Setiap hari;30 menit - 1 jam;MOBA, FPS, & SPORT;Netral;Tinggi;Sering;Karena ulah saya sendiri kirang terkontrol;Tidak;Hobi salah satunya travelling;Netral;Normal;Setuju
21;Laki-laki;Mahasiswa;Ya;Jarang;1-2 jam;Sport (8 Ball Pool, FIFA, eFootball);Tidak;Normal;Jarang;Masa depan;Ya;Refreshing;Membantu;Sering;Setuju
21;Laki-laki;Mahasiswa;Tidak;Tidak pernah;Kurang dari 30 menit;Sport (8 Ball Pool, FIFA, eFootball);Netral;Normal;Normal;Tugas;Tidak;Tidak, lari;Netral;Normal;Netral
20;Laki-laki;Mahasiswa;Ya;Sekali seminggu;1-2 jam;Sport (8 Ball Pool, FIFA, eFootball);Tidak;Normal;Normal;Pemberian tugas dari dosen yang bertubi-tubi dan ketidakhadiran dosen yang mendadak ketika saya sudah tiba di kampus;Tidak;Menonton youtube/film, mendengarkan lagu;Membantu;Jarang;Setuju
20;Laki-laki;Mahasiswa;Ya;Setiap hari;Kurang dari 30 menit;Arcade (Subway Surf, Temple Run, Pou);Tidak;Tinggi;Sering;tugas kuliah dan permasalahan pribadi;Tidak;membuka sosial media;Membantu;Jarang;Setuju
21;Laki-laki;Mahasiswa;Ya;Setiap hari;Lebih dari 2 jam;MOBA (Mobile Legends, DOTA, League of Legends);Netral;Normal;Normal;Belum ada;Ya;Game menyenangkan ;Membantu;Jarang;Setuju
20;Perempuan;Mahasiswa;Ya;Jarang;Kurang dari 30 menit;Sport (8 Ball Pool, FIFA, eFootball);Tidak;Tinggi;Normal;Tugas kuliah;Tidak;Tidur;Kurang membantu;Jarang;Netral
21;Laki-laki;Mahasiswa;Ya;Jarang;30 menit - 1 jam;RPG (Genshin Impact, Call of Duty, Toram);Tidak;Normal;Normal;Tugas;Tidak;Membuka sosial media, kalau game biasanya nambah stress kalo kalah;Membantu;Normal;Setuju
19;Laki-laki;Mahasiswa;Ya;Jarang;1-2 jam;FPS (Valorant, CSGO, Point Blank);Tidak;Normal;Jarang;Belum paham materi matkul tapi tugas yang diberi sudah mepet deadline;Tidak;Menonton anime, series, film, dan mendengarkan lagu;Netral;Sering;Netral
20;Perempuan;Mahasiswa;Tidak;Tidak pernah;Kurang dari 30 menit;Arcade (Subway Surf, Temple Run, Pou);Ya;Sangat Tinggi;Jarang;tugas akhir;Tidak;tidak, scroll tiktok;Netral;Jarang;Netral
20;Laki-laki;Mahasiswa;Ya;Setiap hari;1-2 jam;MOBA (Mobile Legends, DOTA, League of Legends);Netral;Sangat Tinggi;Sangat sering;ÿßŸÑÿπÿØŸäÿØ ŸÖŸÜ ÿßŸÑŸÖŸáÿßŸÖ;Ya;ŸÖŸÑÿ° ŸàŸÇÿ™ ÿßŸÑŸÅÿ±ÿßÿ∫;Sangat membantu;Sangat sering;Setuju
20;Laki-laki;Mahasiswa;Ya;Beberapa kali seminggu;Lebih dari 2 jam;MOBA (Mobile Legends, DOTA, League of Legends);Tidak;Tinggi;Sering;banyak tugas cok, asu;Tidak;tidak, aktivitas pertama ya telfonan sama pacar terus sharing cerita sampe sleep call. ;Membantu;Jarang;Setuju
20;Perempuan;Mahasiswa;Ya;Jarang;30 menit - 1 jam;Sport (8 Ball Pool, FIFA, eFootball);Tidak;Tinggi;Sering;Tugas kuliah, persiapan lomba ;Tidak;istirahat/ tidur, travelling;Netral;Normal;Netral
20;Perempuan;Pelajar;Ya;Jarang;Lebih dari 2 jam;Arcade (Subway Surf, Temple Run, Pou);Ya;Tinggi;Jarang;Tugas Kuliah;Tidak;Membaca novel atau komik;Netral;Jarang;Netral
20;Laki-laki;Mahasiswa;Tidak;Jarang;Kurang dari 30 menit;Arcade (Subway Surf, Temple Run, Pou);Tidak;Sangat Tinggi;Sangat sering;Metpen;Tidak;sholat dan berdoa kepada allah.;Kurang membantu;Normal;Netral
21;Perempuan;Mahasiswa;Ya;Jarang;Kurang dari 30 menit;Arcade (Subway Surf, Temple Run, Pou);Tidak;Tinggi;Sering;Tugas yang menumpuk;Tidak;Nonton film;Membantu;Normal;Netral
20;Perempuan;Pelajar;Ya;Jarang;Kurang dari 30 menit;Arcade (Subway Surf, Temple Run, Pou);Tidak;Normal;Normal;banyaknya tugas yang harus dikerjakan ;Ya;karena dengan bermain game online saya merasa mendapat kepuasan tersendiri saat menyelesaikan salah satu misi yang ada di game tersebut ;Membantu;Normal;Netral
21;Perempuan;Mahasiswa;Ya;Tidak pernah;30 menit - 1 jam;water sort;Ya;Sangat Tinggi;Sangat sering;Asmara ;Tidak;tidur;Netral;Normal;Netral
20;Perempuan;Mahasiswa;Ya;Setiap hari;Lebih dari 2 jam;RPG (Genshin Impact, Call of Duty, Toram);Ya;Normal;Normal;merasa gagal terus dan tidak memiliki arah atau tujuan yg jelas;Ya;Iya karena dnegan bermain game bisa melupakan stres;Membantu;Sering;Netral
19;Perempuan;Mahasiswa;Ya;Jarang;1-2 jam;RPG (Genshin Impact, Call of Duty, Toram);Netral;Normal;Normal;Pacar;Tidak;Tidur;Membantu;Normal;Netral
19;Laki-laki;Mahasiswa;Ya;Jarang;Kurang dari 30 menit;GET RICH;Tidak;Sangat Tinggi;Sangat sering;Proker Sciencesomnia;Tidak;Tidur dan istirahat;Netral;Jarang;Setuju
19;Perempuan;Mahasiswa;Ya;Jarang;30 menit - 1 jam;MOBA (Mobile Legends, DOTA, League of Legends);Tidak;Tinggi;Sering;Banyak tugas dari kuliah maupun organisasi;Tidak;Makan;Netral;Jarang;Setuju
19;Perempuan;Mahasiswa;Ya;Beberapa kali seminggu;1-2 jam;RPG (Genshin Impact, Call of Duty, Toram);Netral;Normal;Normal;Tugas kuliah;Tidak;Ketika merasa stres saya memilih untuk tidur terlebih dahulu atau membuka sosmed. ;Membantu;Jarang;Netral
21;Perempuan;Mahasiswa;Ya;Beberapa kali seminggu;30 menit - 1 jam;Arcade (Subway Surf, Temple Run, Pou);Netral;Normal;Normal;Banyak pikiran, beban kuliah;Tidak;Menonton film;Membantu;Jarang;Netral
20;Perempuan;Mahasiswa;Tidak;Jarang;Kurang dari 30 menit;piano(?);Tidak;Normal;Normal;proposal;Tidak;nonton;Netral;Normal;Netral
21;Laki-laki;Mahasiswa;Ya;Setiap hari;Lebih dari 2 jam;MOBA (Mobile Legends, DOTA, League of Legends);Netral;Normal;Jarang;karena banyak tugas;Ya;Bermain game online dapat mengurangi resiko stress saya;Sangat membantu;Jarang;Sangat setuju
20;Perempuan;Mahasiswa;Ya;Jarang;Kurang dari 30 menit;Stumble, Among Us, Ludo;Ya;Normal;Normal;tugas;Tidak;bertemu teman;Tidak membantu;Sering;Netral
20;Laki-laki;Mahasiswa;Ya;Setiap hari;Lebih dari 2 jam;MOBA (Mobile Legends, DOTA, League of Legends);Tidak;Tinggi;Sering;banyak tanggung jawab;Ya;ya, karena game bisa mengalihkan perhatian dari sumber stres;Membantu;Normal;Setuju
20;Laki-laki;Mahasiswa;Ya;Beberapa kali seminggu;30 menit - 1 jam;MOBA (Mobile Legends, DOTA, League of Legends);Netral;Sangat Tinggi;Sangat sering;memikirkan masa depan, pekerjaan (intinya ovt);Ya;karena game adalah tempat pelampiasan terbaik dan bermain game tidak menyakiti siapapun;Sangat membantu;Normal;Sangat setuju
20;Perempuan;Mahasiswa;Ya;Jarang;Kurang dari 30 menit;RPG (Genshin Impact, Call of Duty, Toram);Netral;Rendah;Jarang;Ada teman yg berbeda pendapat dan ngajak ribut;Tidak;Melihat vidio txt;Kurang membantu;Tidak pernah;Netral
20;Perempuan;Mahasiswa;Ya;Setiap hari;1-2 jam;MOBA (Mobile Legends, DOTA, League of Legends);Ya;Normal;Sering;Kuliah;Tidak;Nonton;Membantu;Jarang;Setuju
20;Laki-laki;Mahasiswa;Ya;Sekali seminggu;1-2 jam;FPS (Valorant, CSGO, Point Blank);Ya;Tinggi;Sering;Tugas kuliah;Tidak;Mengistirahatkan diri;Netral;Normal;Netral
19;Perempuan;Mahasiswa;Ya;Jarang;Kurang dari 30 menit;Arcade (Subway Surf, Temple Run, Pou);Netral;Tinggi;Sering;Banyaknya deadline yang harus di selesaikan;Tidak;Menonton youtube;Membantu;Normal;Setuju
20;Perempuan;Mahasiswa;Tidak;Tidak pernah;Kurang dari 30 menit;Arcade (Subway Surf, Temple Run, Pou);Netral;Tinggi;Sangat sering;Kuliah;Tidak;Tidur;Netral;Jarang;Netral
19;Laki-laki;Mahasiswa;Ya;Jarang;Lebih dari 2 jam;FPS (Valorant, CSGO, Point Blank);Tidak;Normal;Jarang;Kuliah;Tidak;Tidur makan musik;Netral;Sering;Netral
21;Laki-laki;Mahasiswa;Ya;Beberapa kali seminggu;1-2 jam;FPS (Valorant, CSGO, Point Blank);Netral;Normal;Normal;pikiran;Ya;-;Membantu;Jarang;Setuju
